Bank,CreditCardType
ABBank,Visa Contactless Credit - Platinum
ABBank,Visa Contactless Credit - Gold
ABBank,Visa Contactless Credit
ABBank,Visa Travel
ACB,Visa Infinite
ACB,Visa Signature
ACB,Visa Platinum
ACB,Visa Gold
ACB,JCB Gold
ACB,MasterCard Gold
ACB,Visa Digi
ACB,ACB Express
Agribank,Visa Standard
Agribank,Visa Gold
Agribank,MasterCard Gold
Agribank,MasterCard Platinum
Agribank,JCB Gold
Agribank,JCB Ultimate
BanVietBank,VISA Classic Bản Việt
BanVietBank,JCB Platinum Bản Việt
BanVietBank,JCB Travel Bản Việt
BanVietBank,JCB 7-Eleven Bản Việt
BanVietBank,JCB Link Bản Việt
BanVietBank,JCB Standard Bản Việt
BanVietBank,JCB Gold Bản Việt
BanVietBank,VISA Platinum Bản Việt
BanVietBank,VISA Litestyle Bản Việt
BanVietBank,NAPAS Standard Bản Việt
BanVietBank,NAPAS ShopON Bản Việt
BaoVietBank,Thẻ tín dụng nội địa Visa (hạng Chuẩn)
BaoVietBank,Visa (hạng Vàng)
BIDV,Visa Plexi
BIDV,Visa Smile
BIDV,Visa Precious
BIDV,Visa Platinum
BIDV,Visa Premier
BIDV,Visa Platinum Cashback
BIDV,Visa Infinite
BIDV,Vietravel Standard
BIDV,MasterCard Vietravel Platinum
BIDV,MasterCard Platinum
CIMB Bank,CIMB REVI
CIMB Bank,CIMB-PINHAY
Citi,Lazada Citi Platinum
Citi,Citi Simplicity
Citi,Citi Rewards
Citi,Citi Mobile®
Citi,Citi PremierMiles
DongABank,Visa DongA Bank
Eximbank,Visa Business
Eximbank,MasterCard Business Wodd
Eximbank,Visa Platinum One World
Eximbank,MasterCard Jetstar Eximbank
Eximbank,JCB Credit
Eximbank,MasterCard Vàng
Eximbank,Visa Violet
Eximbank,Visa Vàng
Eximbank,JCB Young Credit
Eximbank,JCB Platinum Travel
Eximbank,Cash Back Visa Platinum
Eximbank,Cash Back JCB Ultimate
FECREDIT,CREDIT PLUS+
FECREDIT,CREDIT JCB PLUS+
FECREDIT,CREDIT GOLD
FECREDIT,CREDIT Smartplus
FECREDIT,CREDIT - F
FECREDIT,FRIENDS
FECREDIT,THẺ TÍN DỤNG ONLINE
HDSaison,HD SAISON
HDBank,Napas Flex
HDBank,HDBank Best Friend Forever
HDBank,HDBank Visa Classic
HDBank,HDBank Vietjet Classic
HDBank,HDBank Vietjet Platinum
HDBank,HDBank MasterCard Gold
HDBank,HDBank Petrolimex 4in1
HDBank,HDBank Visa Gold
HomeCredit,Home Credit
HSBC,Premier World MasterCard®
HSBC,Visa Chuẩn
HSBC,LiveFree
HSBC,Visa Bạch Kim
HSBC,Cash Back
HSBC,Visa Bach Kim Online
IVB,Visa Chuẩn
IVB,Visa Vàng
Kienlongbank,Visa Contactless Classic
Kienlongbank,Visa Contactless Gold
Kienlongbank,Visa Contactless Platinum
LienVietPostBank,VISA PLATINUM
LienVietPostBank,JCB STANDARD
LienVietPostBank,JCB PLATINUM
LienVietPostBank,VISA STANDARD
MPBank,Visa Modern Youth
MPBank,JCB Modern Youth
MPBank,Visa Priority
MPBank,Visa Infinite
MPBank,Visa Commerce
MPBank,Visa JCB
MSB,MasterCard mDigi
MSB,Visa Signature Dining
MSB,Signature Dining
MSB,Mfirst
MSB,Visa Online
MSB,Visa Travel
MSB,MSB MasterCard
MSB,Master Platinum
MSB,Vpoint
MSB,MC Lotte Mart
NCB,Visa Credit Platinum
NCB,Visa Credit Classic
NCB,Visa Credit Gold
NCB,Visa Credit Women
NamABank,HAPPY GOLF
NamABank,HAPPY CARD
NamABank,HAPPY DIGITAL
NamABank,HAPPY LADY
NamABank,JCB STANDARD
NamABank,JCB PLATINUM
NamABank,MASTERCARD STANDARD
NamABank,MASTERCARD GOLD
NamABank,MASTERCARD PLATINUM
NamABank,CASHCARD
NamABank,MASTERCARD CORPORATE
OCB,OCB NATURAL CREDIT
OCB,OCB JCB HANG VANG
OCB,OCB JCB PLATINUM
OCB,OCB MASTERCARD PRIORITY
OCB,OCB MASTERCARD PLATINUM
OCB,OCB MASTERCARD LIEESTYLE
OCB,OCB DOCTOR MASTERCARD PLATINUM
OCB,OCB BAMBOO AIRWAYS
OCB,OCB INSTALLMENT MASTERCARD PLATINUM
OCB,OCB iGEN MASTERCARD PLATINUM
OCB,OCB-COM B
Oceanbank,Visa Oceanbank
PGBank,Visa Gold
PGBank,Visa Standard
PublicBank,Visa Chuẩn
PublicBank,Visa Vàng
PublicBank,Visa Bạch Kim
PublicBank,Visa Signature
PVcombank,Shopping Standard
PVcombank,Cashback Standard
PVcombank,Shopping Platinum
PVcombank,Cashback Platinum
PVcombank,Travel Platinum
PVcombank,MasterCard Gold
PVcombank,MasterCard Smart
PVcombank,MasterCard Platinum
Sacombank,Napas (Family)
Sacombank,Napas (Easy Card)
Sacombank,Sacombank UnionPay
Sacombank,Sacombank JCB
Sacombank,Sacombank MasterCard
Sacombank,Sacombank Visa
Sacombank,Visa Platinum Cashback
Sacombank,Visa Platinum World
Sacombank,MasterCard Visa Signature
Sacombank,JCB Ultimate
Sacombank,Visa Infinite
Sacombank,Sacombank FLC Platinum
Sacombank,Sacombank FLC Infinite
Sacombank,Sacombank Vietnam Airlines Visa
Sacombank,Sacombank Bamboo Airways Platinum
Sacombank,Sacombank Tiki Platinum
Sacombank,Sacombank MasterCard Only One
Sacombank,Sacombank CPA Australia Visa
SCB,Visa Standard
SCB,Visa Gold
SCB,MasterCard Standard
SCB,Mastedcard Gold
SCB,SCB S-Care
SCB,MasterCard World
SeABank,Visa Platinum
SeABank,Visa Classic
SeABank,SEA-EASY
SeABank,SeaLady Cashback (Visa/ Master Card)
SeABank,BRG ELITE
SeABank,BRG GOLE
SeABank,SEABANK
SeABank,SEATRAVEL
SHB,SHB-Vinaphone MasterCard
SHB,SHB-ECB MasterCard Credit
SHB,SHB Visa Platinum
SHB,SHB MasterCard Cashback
SHB,SHB MasterCard
Ngân hàng,Loại thẻ
ShinhanBank,Visa Cá Nhân E-Card
ShinhanBank,Visa Cá Nhân Hạng Chuẩn
ShinhanBank,Visa Vàng
ShinhanBank,Visa Hạng Bạch Kim
ShinhanBank,Visa Cash Back Chuẩn
ShinhanBank,Visa Cash Back hạng Vàng
ShinhanBank,Visa Cash Back hạng Bạch Kim
ShinhanBank,Visa Hi-Point hạng Chuẩn
ShinhanBank,Visa Hi-Point hạng Vàng
ShinhanBank,Visa Hi-Point hạng Bạch Kim
ShinhanBank,Shinhan - Lotte Mart
ShinhanBank,Korean Air -Shinhan Visa Travel Hạng Bạch Kim
ShinhanBank,Visa PWM Hang Bạch Kim
ShinhanBank,Visa Signature
Standard Chartered,Priority WorldMiles
Standard Chartered,Platinum CashBack
Standard Chartered,WorldMiles
Techcombank,JCB DreamCard
Techcombank,Vietnam Airlines Techcombank Visa Pnonty
Techcombank,Vietnam Airlines Techcombank Visa Ptatinunn Pnonty
Techcombank,Vietnam Airlines Techcombank Visa Platinum
Techcombank,Vietnam Airlines Techcombank Visa Gold
Techcombank,Melnam Airlines Techcombank Visa Classic
Techcombank,Techcombank Style
Techcombank,Techcombank Everyday
Techcombank,Techcombank Visa Classic
Techcombank,Techcombank Spark
Techcombank,Techcombank Visa Vinshop
Techcombank,Techcombank Visa Signature
Timo,Timo
TPBank,Visa Signature
TPBank,TPBank JCB Evo
TPBank,Visa Freego
TPBank,Visa Classic
TPBank,Visa Gold
TPBank,Viet Nam Airline - Visa Platinum
TPBank,Mobifone Visa Platinum
TPBank,Visa Platinum World
TPBank,MasterCard Club Privé
TPBank,World MasterCard Golf Privé
VietinBank,UPI Credit Platinum
VietinBank,JCB Credit Platmum
VietinBank,Virtual Heroes
VietinBank,JCB Credit Platinum EMV Heroes
VietinBank,MasterCard Platinum Cashback
VietinBank,JCB MasterCard Cremium
VietinBank,Visa Premium Banking
VietinBank,Visa Platinum
VietinBank,Visa Signature
VietinBank,Thẻ tín dụng nội địa i-Zero
VietinBank,Thẻ Tài Chính Cá Nhân
VietinBank,Thẻ Tín Dụng Nội Địa Doanh Nghiệp Vừa Và Nhỏ
VietinBank,Thẻ TDQT doanh nghiệp Visa Corporate
VietinBank,Thẻ TDQT doanh nghiệp Visa Credit SME
VietinBank,Thẻ công ty - Diners Club Corporate Card
VIB,TrueCard
VIB,Toss
VIB,2in1 Financial
VIB,Free Rewards
VIB,Unlimited Cash Back
VIB,Travel Élite
VIB,Happy Drive
VIB,Zero Interest Rate
VIB,Premier
VIB,Boundless
VIB,Online Plus
VIB,Online Plus2in1
VIB,Family Link
VietABank,Visa Classic
VietABank,Visa Platinum
Vietcombank,UnionPay (Hạng chuẩn + Hạng vàng)
Vietcombank,JCB (Hạng chuẩn + Hạng vàng)
Vietcombank,MasterCard (Hạng chuẩn + Hạng vàng)
Vietcombank,Visa (Hạng chuẩn + Hạng vàng)
Vietcombank,Visa Platinum
Vietcombank,American Express® (Hạng chuẩn + Hạng vàng)
Vietcombank,Vietnam Airlines American Express® (Hạng chuẩn + Hạng vàng)
Vietcombank,Vietnam Airlines Platinum American Express®
Vietcombank,MasterCard World
Vietcombank,Cashplus Platinum
Vietcombank,American Express® Saigon Center - Takashimaya - Vietcombank Visa
Vietcombank,Saigon Center - Takashimaya - Vietcombank JCB
Vietcombank,Vietcombank - Vietravel Visa
Vietcombank,Visa Signature
VietBank,VIETBANK NAPAS
VietBank,VISA LUXURY PLATINUM
VietBank,VISA PLATINUM
VietBank,VISA MY STYLE
VPBank,VPBank Cake
VPBank,Shopee Platinum
VPBank,Super Shopee Platinum
VPBank,Visa Signature
VPBank,Travel Miles Diamond World
VPBank,Diamond Wold Lady
VPBank,Califonia Centuryon
VPBank,Visa Signature Califonia Fitness
VPBank,Visa Platinum
VPBank,Visa Platinum Travel Miles
VPBank,Platinum Cashback
VPBank,Platinum MasterCard
VPBank,Vietnam Airlines VPBank
VPBank,Platinum MasterCard
VPBank,Visa Gold
VPBank,Travel Miles StepUp
VPBank,MasterCard Lady
VPBank,MasterCard MobiFone-VPBank
VPBank,Titanium
VPBank,Titanium Cashback
VPBank,MC2 MasterCard Number 1
VPBank,MasterCard MobiFone
VPBank,VPBank Classic
VPBank,VPBank Platinum
WooriBank,Visa Classic
WooriBank,Visa Platinum
WooriBank,W Platinum
